<Profiles>
    <SystemProvider Id="MySystemProvider">
      <Keywords>
        <Keyword Value="Power"/>
        <Keyword Value="KernelQueue"/>
        <Keyword Value="CSwitch"/>
        <Keyword Value="DPC"/>
        <Keyword Value="Interrupt"/>
        <Keyword Value="Loader"/>
        <Keyword Value="DiskIO"/>
        <Keyword Value="FileIO"/>
        <Keyword Value="FileIOInit"/>
        <Keyword Value="Registry"/>
        <Keyword Value="HardFaults"/>
        <Keyword Value="ProcessThread"/>
        <Keyword Value="SampledProfile"/>
        <CustomKeyword Value="0x20000200"/>
        <CustomKeyword Value="0x8"/>
        <CustomKeyword Value="0x20002000"/>
      </Keywords>
      <Stacks>
        <Stack Value="CSwitch"/>
        <Stack Value="SampledProfile"/>
        <Stack Value="ReadyThread"/>
        <Stack Value="ThreadCreate"/>
        <Stack Value="ProcessCreate"/>
        <Stack Value="ProcessDelete"/>
        <Stack Value="ThreadDelete"/>
        <Stack Value="FileWrite"/>
        <Stack Value="FileCreate"/>
        <Stack Value="RegistrySetValue"/>
        <Stack Value="RegistryFlush"/>
        <Stack Value="RegistryCreateKey"/>
        <Stack Value="RegistryDeleteKey"/>
        <Stack Value="RegistryDeleteValue"/>
      </Stacks>
    </SystemProvider>
</Profiles>
