<Profiles>
    <SystemProvider Id="MySystemProvider">
      <Keywords>
        <Keyword Value="CpuConfig"/>
        <Keyword Value="CSwitch"/>
        <Keyword Value="ReadyThread"/>
        <Keyword Value="Power"/>
        <Keyword Value="KernelQueue"/>
        <Keyword Value="DPC"/>
        <Keyword Value="Interrupt"/>
        <Keyword Value="Loader"/>
        <Keyword Value="DiskIO"/>
        <Keyword Value="HardFaults"/>
        <Keyword Value="ProcessThread"/>
        <Keyword Value="SampledProfile"/>
      </Keywords>
      <Stacks>
        <Stack Value="CSwitch"/>
        <Stack Value="SampledProfile"/>
        <Stack Value="ReadyThread"/>
        <Stack Value="ThreadCreate"/>
        <Stack Value="ThreadDelete"/>
        <Stack Value="ProcessCreate"/>
        <Stack Value="ProcessDelete"/>
        <Stack Value="ImageLoad" />
        <Stack Value="ImageUnload" />
      </Stacks>
    </SystemProvider>
</Profiles>
