<Profiles>
    <EventProvider Id="EdpEnforcementLog" Name="3D1D28B1-73F5-5937-3446-0DE4DF173FF5" NonPagedMemory="true" Stack="true" />
    <EventProvider Id="Microsoft.Windows.Security.EFS" Name="4E04241F-30F8-5111-A04E-DF3C9C867433" Stack="true" />
    <EventProvider Id="Microsoft-Windows-Security-EFS-EDPAudit" Name="0C017B8D-7629-4AD6-A268-578A14E9DD65" />
    <EventProvider Id="Microsoft-Windows-Security-EFS-EDPAudit-CopyData" Name="6AF820A5-6E4F-4558-8D7D-F7D6A2ED7195" />
    <EventProvider Id="Microsoft-Windows-Security-EFS-EDPAudit-ApplicationGenerated" Name="225D7337-6538-4C12-9418-B37C558C50F2" />
    <EventProvider Id="Microsoft-Windows-EDP-Audit-TCB" Name="287D59B6-79BA-4741-A08B-2FEDEEDE6435" />
    <EventProvider Id="Microsoft-Windows-EDP-Audit-Regular" Name="50F99B2D-96D2-421F-BE4C-222C4140DA9F" />
    <EventProvider Id="DPAPIGlobalDebugTrace" Name="EA3F84FC-03BB-540e-B6AA-9664F81A31FB" />
</Profiles>
