<?xml version="1.0" encoding="utf-8"?>
<WindowsPerformanceRecorder Version="1.0">
  <Configuration>
    <MaxProfilesToStart Value="64" />
    <QueryRuntimePropertiesInterval Value="1000" />
    <CaptureScreenShotsInterval Value="500" />
    <SaveRecordingKeyboardShortcut WinKey="true" CtrlKey="true" ShiftKey="false" AltKey="false" CharKey="c" VirtualKeyCode="0" />
    <SaveWaypointsKeyboardShortcut WinKey="true" CtrlKey="false" ShiftKey="true" AltKey="false" CharKey="w" VirtualKeyCode="0" />
    <NGenPdbsCachePath Value="%ProgramData%\WindowsPerformanceRecorder\NGenPdbs_Cache" />
  </Configuration>
</WindowsPerformanceRecorder>
